id,eventcode,col3,col4,col5,time
1,203,0,0,0.0000,21258
2,199,0,0,0.0000,21272
3,203,0,0,0.0000,21258
4,199,0,0,0.0000,21272
5,200,0,0,0.0000,26288
6,200,0,0,0.0000,27305
7,200,0,0,0.0000,28322
8,7,0,0,0.0000,31064
9,201,0,0,0.0000,31819
10,5,0,0,0.0000,33439
11,202,0,0,0.0000,34076
12,3,0,0,0.0000,35997
13,202,0,0,0.0000,36508
14,3,0,0,0.0000,38389
15,201,0,0,0.0000,38972
16,7,0,0,0.0000,40814
17,201,0,0,0.0000,41421
18,7,0,0,0.0000,43222
19,201,0,0,0.0000,43725
20,5,0,0,0.0000,45547
21,201,0,0,0.0000,46382
22,5,0,0,0.0000,48022
23,202,0,0,0.0000,48574
24,3,0,0,0.0000,50456
25,201,0,0,0.0000,51022
26,7,0,0,0.0000,53023
27,201,0,0,0.0000,53631
28,3,0,0,0.0000,55573
29,202,0,0,0.0000,56143
30,5,0,0,0.0000,57981
31,201,0,0,0.0000,58495
32,7,0,0,0.0000,60556
33,201,0,0,0.0000,61200
34,5,0,0,0.0000,62823
35,201,0,0,0.0000,63376
36,7,0,0,0.0000,65165
37,201,0,0,0.0000,65792
38,3,0,0,0.0000,67431
39,201,0,0,0.0000,68033
40,5,0,0,0.0000,69798
41,201,0,0,0.0000,70353
42,3,0,0,0.0000,72240
43,202,0,0,0.0000,72689
44,7,0,0,0.0000,74840
45,201,0,0,0.0000,75330
46,3,0,0,0.0000,77282
47,201,0,0,0.0000,77746
48,5,0,0,0.0000,79682
49,202,0,0,0.0000,80259
50,3,0,0,0.0000,82015
51,201,0,0,0.0000,82531
52,5,0,0,0.0000,84415
53,201,0,0,0.0000,84931
54,7,0,0,0.0000,86807
55,201,0,0,0.0000,87412
56,3,0,0,0.0000,89099
57,201,0,0,0.0000,89668
58,7,0,0,0.0000,91482
59,201,0,0,0.0000,91988
60,5,0,0,0.0000,94065
61,201,0,0,0.0000,94645
62,3,0,0,0.0000,96632
63,202,0,0,0.0000,97125
64,3,0,0,0.0000,99157
65,201,0,0,0.0000,99717
66,5,0,0,0.0000,101657
67,201,0,0,0.0000,102278
68,5,0,0,0.0000,104107
69,201,0,0,0.0000,104662
70,7,0,0,0.0000,106616
71,201,0,0,0.0000,107351
72,7,0,0,0.0000,108832
73,201,0,0,0.0000,109495
74,3,0,0,0.0000,111316
75,202,0,0,0.0000,112103
76,7,0,0,0.0000,113716
77,201,0,0,0.0000,114264
78,5,0,0,0.0000,115941
79,201,0,0,0.0000,116568
80,5,0,0,0.0000,118233
81,201,0,0,0.0000,118744
82,3,0,0,0.0000,120499
83,201,0,0,0.0000,121065
84,7,0,0,0.0000,122766
85,201,0,0,0.0000,123369
86,5,0,0,0.0000,125050
87,202,0,0,0.0000,125673
88,5,0,0,0.0000,127266
89,201,0,0,0.0000,127818
90,7,0,0,0.0000,129708
91,201,0,0,0.0000,130234
92,3,0,0,0.0000,132016
93,202,0,0,0.0000,132426
94,7,0,0,0.0000,134233
95,201,0,0,0.0000,134843
96,3,0,0,0.0000,136750
97,202,0,0,0.0000,137243
98,203,0,0,0.0000,151645
99,203,0,0,0.0000,204677
100,7,0,0,0.0000,209377
101,201,0,0,0.0000,209958
102,7,0,0,0.0000,211644
103,201,0,0,0.0000,212150
104,5,0,0,0.0000,214202
105,201,0,0,0.0000,214870
106,5,0,0,0.0000,216627
107,202,0,0,0.0000,217223
108,5,0,0,0.0000,219060
109,201,0,0,0.0000,219607
110,5,0,0,0.0000,221360
111,202,0,0,0.0000,221960
112,5,0,0,0.0000,223786
113,202,0,0,0.0000,224472
114,3,0,0,0.0000,226377
115,202,0,0,0.0000,226936
116,3,0,0,0.0000,228827
117,202,0,0,0.0000,229337
118,5,0,0,0.0000,231327
119,201,0,0,0.0000,231913
120,3,0,0,0.0000,233919
121,201,0,0,0.0000,234601
122,7,0,0,0.0000,236161
123,201,0,0,0.0000,236810
124,7,0,0,0.0000,238511
125,201,0,0,0.0000,239098
126,5,0,0,0.0000,240794
127,201,0,0,0.0000,241354
128,7,0,0,0.0000,243353
129,201,0,0,0.0000,243963
130,3,0,0,0.0000,245561
131,202,0,0,0.0000,246059
132,7,0,0,0.0000,247861
133,201,0,0,0.0000,248603
134,7,0,0,0.0000,250411
135,201,0,0,0.0000,250988
136,3,0,0,0.0000,252895
137,202,0,0,0.0000,253420
138,5,0,0,0.0000,255345
139,201,0,0,0.0000,256093
140,7,0,0,0.0000,257611
141,201,0,0,0.0000,258157
142,3,0,0,0.0000,259912
143,201,0,0,0.0000,260509
144,7,0,0,0.0000,262237
145,201,0,0,0.0000,262894
146,3,0,0,0.0000,264828
147,202,0,0,0.0000,265390
148,5,0,0,0.0000,267412
149,201,0,0,0.0000,267966
150,3,0,0,0.0000,269862
151,202,0,0,0.0000,270543
152,7,0,0,0.0000,272204
153,201,0,0,0.0000,272783
154,3,0,0,0.0000,274770
155,201,0,0,0.0000,275503
156,7,0,0,0.0000,277329
157,201,0,0,0.0000,277856
158,3,0,0,0.0000,279804
159,202,0,0,0.0000,280560
160,7,0,0,0.0000,282037
161,201,0,0,0.0000,282688
162,5,0,0,0.0000,284329
163,201,0,0,0.0000,284929
164,5,0,0,0.0000,286862
165,201,0,0,0.0000,287441
166,5,0,0,0.0000,289254
167,201,0,0,0.0000,290018
168,3,0,0,0.0000,291629
169,201,0,0,0.0000,292290
170,5,0,0,0.0000,294062
171,201,0,0,0.0000,294802
172,5,0,0,0.0000,296579
173,202,0,0,0.0000,297219
174,5,0,0,0.0000,298938
175,201,0,0,0.0000,299539
176,3,0,0,0.0000,301429
177,201,0,0,0.0000,302115
178,7,0,0,0.0000,303788
179,201,0,0,0.0000,304324
180,3,0,0,0.0000,306054
181,201,0,0,0.0000,306740
182,7,0,0,0.0000,308630
183,201,0,0,0.0000,309444
184,7,0,0,0.0000,310930
185,202,0,0,0.0000,311877
186,3,0,0,0.0000,313180
187,201,0,0,0.0000,313989
188,3,0,0,0.0000,315488
189,202,0,0,0.0000,316325
190,203,0,0,0.0000,409171
191,3,0,0,0.0000,414141
192,201,0,0,0.0000,414900
193,7,0,0,0.0000,731558
194,201,0,0,0.0000,732243
195,7,0,0,0.0000,733866
196,201,0,0,0.0000,734355
197,5,0,0,0.0000,736358
198,202,0,0,0.0000,737092
199,7,0,0,0.0000,738858
200,201,0,0,0.0000,739476
201,3,0,0,0.0000,741433
202,202,0,0,0.0000,742020
203,7,0,0,0.0000,743733
204,201,0,0,0.0000,744325
205,5,0,0,0.0000,746167
206,202,0,0,0.0000,746997
207,7,0,0,0.0000,748717
208,201,0,0,0.0000,749381
209,3,0,0,0.0000,751167
210,202,0,0,0.0000,751862
211,3,0,0,0.0000,753708
212,201,0,0,0.0000,754262
213,5,0,0,0.0000,756217
214,201,0,0,0.0000,756694
215,5,0,0,0.0000,766067
216,201,0,0,0.0000,766568
217,5,0,0,0.0000,777934
218,201,0,0,0.0000,778490
219,7,0,0,0.0000,780384
220,201,0,0,0.0000,780666
221,3,0,0,0.0000,782843
222,202,0,0,0.0000,783418
223,5,0,0,0.0000,787509
224,201,0,0,0.0000,787979
225,5,0,0,0.0000,790059
226,201,0,0,0.0000,790635
227,3,0,0,0.0000,792593
228,202,0,0,0.0000,793180
229,203,0,0,0.0000,1025614
230,3,0,0,0.0000,1030583
231,202,0,0,0.0000,1031295
232,3,0,0,0.0000,1032908
233,202,0,0,0.0000,1033551
234,7,0,0,0.0000,1035416
235,201,0,0,0.0000,1036000
236,7,0,0,0.0000,1037633
237,201,0,0,0.0000,1038176
238,3,0,0,0.0000,1040183
239,202,0,0,0.0000,1040752
240,7,0,0,0.0000,1042666
241,201,0,0,0.0000,1043233
242,7,0,0,0.0000,1045116
243,201,0,0,0.0000,1045841
244,7,0,0,0.0000,1047566
245,201,0,0,0.0000,1048209
246,3,0,0,0.0000,1050133
247,202,0,0,0.0000,1050738
248,5,0,0,0.0000,1052633
249,202,0,0,0.0000,1053186
250,5,0,0,0.0000,1054842
251,201,0,0,0.0000,1055458
252,5,0,0,0.0000,1057092
253,201,0,0,0.0000,1057715
254,7,0,0,0.0000,1059525
255,201,0,0,0.0000,1060163
256,7,0,0,0.0000,1061884
257,202,0,0,0.0000,1062548
258,3,0,0,0.0000,1064359
259,202,0,0,0.0000,1064964
260,5,0,0,0.0000,1066942
261,201,0,0,0.0000,1067652
262,5,0,0,0.0000,1069525
263,201,0,0,0.0000,1070261
264,7,0,0,0.0000,1071842
265,202,0,0,0.0000,1072757
266,7,0,0,0.0000,1074342
267,201,0,0,0.0000,1075061
268,3,0,0,0.0000,1076767
269,202,0,0,0.0000,1077366
270,7,0,0,0.0000,1079142
271,201,0,0,0.0000,1079750
272,5,0,0,0.0000,1081442
273,201,0,0,0.0000,1082150
274,7,0,0,0.0000,1083851
275,201,0,0,0.0000,1084775
276,3,0,0,0.0000,1086068
277,202,0,0,0.0000,1086807
278,5,0,0,0.0000,1088409
279,201,0,0,0.0000,1089143
280,5,0,0,0.0000,1090993
281,201,0,0,0.0000,1091592
282,7,0,0,0.0000,1093484
283,201,0,0,0.0000,1094104
284,5,0,0,0.0000,1095868
285,201,0,0,0.0000,1096585
286,5,0,0,0.0000,1098410
287,201,0,0,0.0000,1099113
288,5,0,0,0.0000,1100968
289,201,0,0,0.0000,1101625
290,3,0,0,0.0000,1103393
291,202,0,0,0.0000,1104074
292,3,0,0,0.0000,1105693
293,201,0,0,0.0000,1106314
294,3,0,0,0.0000,1108160
295,201,0,0,0.0000,1108794
296,7,0,0,0.0000,1110435
297,201,0,0,0.0000,1111067
298,3,0,0,0.0000,1112827
299,201,0,0,0.0000,1113531
300,3,0,0,0.0000,1115277
301,201,0,0,0.0000,1115979
302,7,0,0,0.0000,1117852
303,202,0,0,0.0000,1118716
304,7,0,0,0.0000,1120385
305,201,0,0,0.0000,1121132
306,5,0,0,0.0000,1122735
307,201,0,0,0.0000,1123565
308,5,0,0,0.0000,1125152
309,202,0,0,0.0000,1126205
310,3,0,0,0.0000,1127752
311,201,0,0,0.0000,1128333
312,3,0,0,0.0000,1130244
313,201,0,0,0.0000,1130878
314,3,0,0,0.0000,1132685
315,201,0,0,0.0000,1133358
316,5,0,0,0.0000,1135211
317,201,0,0,0.0000,1135854
318,5,0,0,0.0000,1137477
319,201,0,0,0.0000,1138175
320,203,0,0,0.0000,1199512
321,5,0,0,0.0000,1209138
322,201,0,0,0.0000,1209577
323,5,0,0,0.0000,1211479
324,201,0,0,0.0000,1212170
325,3,0,0,0.0000,1214038
326,202,0,0,0.0000,1214730
327,7,0,0,0.0000,1216479
328,201,0,0,0.0000,1217034
329,3,0,0,0.0000,1218921
330,202,0,0,0.0000,1219499
331,5,0,0,0.0000,1221321
332,201,0,0,0.0000,1221963
333,3,0,0,0.0000,1223896
334,201,0,0,0.0000,1224699
335,7,0,0,0.0000,1226496
336,201,0,0,0.0000,1227100
337,3,0,0,0.0000,1228946
338,202,0,0,0.0000,1229724
339,7,0,0,0.0000,1231272
340,201,0,0,0.0000,1231917
341,3,0,0,0.0000,1233605
342,201,0,0,0.0000,1234285
343,7,0,0,0.0000,1235988
344,201,0,0,0.0000,1236573
345,5,0,0,0.0000,1238288
346,201,0,0,0.0000,1238974
347,3,0,0,0.0000,1240522
348,201,0,0,0.0000,1241342
349,7,0,0,0.0000,1252564
350,201,0,0,0.0000,1253104
351,3,0,0,0.0000,1254772
352,201,0,0,0.0000,1255360
353,7,0,0,0.0000,1256997
354,202,0,0,0.0000,1257792
355,5,0,0,0.0000,1263939
356,202,0,0,0.0000,1264545
357,5,0,0,0.0000,1266289
358,201,0,0,0.0000,1266834
359,5,0,0,0.0000,1268873
360,201,0,0,0.0000,1269474
361,5,0,0,0.0000,1271081
362,201,0,0,0.0000,1271762
363,3,0,0,0.0000,1273614
364,202,0,0,0.0000,1274211
365,5,0,0,0.0000,1275914
366,201,0,0,0.0000,1276451
367,5,0,0,0.0000,1278414
368,201,0,0,0.0000,1278963
369,3,0,0,0.0000,1280806
370,201,0,0,0.0000,1281540
371,3,0,0,0.0000,1290290
372,202,0,0,0.0000,1290933
373,3,0,0,0.0000,1292798
374,201,0,0,0.0000,1293382
375,5,0,0,0.0000,1295373
376,202,0,0,0.0000,1296086
377,5,0,0,0.0000,1297815
378,201,0,0,0.0000,1298502
379,7,0,0,0.0000,1300407
380,201,0,0,0.0000,1301063
381,3,0,0,0.0000,1302632
382,202,0,0,0.0000,1303351
383,7,0,0,0.0000,1304932
384,201,0,0,0.0000,1305655
385,5,0,0,0.0000,1307399
386,202,0,0,0.0000,1308392
387,203,0,0,0.0000,1536234
388,3,0,0,0.0000,1541005
389,201,0,0,0.0000,1541626
390,3,0,0,0.0000,1543388
391,202,0,0,0.0000,1544059
392,5,0,0,0.0000,1545988
393,201,0,0,0.0000,1546635
394,3,0,0,0.0000,1548389
395,201,0,0,0.0000,1548891
396,3,0,0,0.0000,1550839
397,201,0,0,0.0000,1551452
398,5,0,0,0.0000,1553347
399,202,0,0,0.0000,1554124
400,7,0,0,0.0000,1555764
401,201,0,0,0.0000,1556300
402,7,0,0,0.0000,1558322
403,201,0,0,0.0000,1558893
404,7,0,0,0.0000,1560906
405,202,0,0,0.0000,1561693
406,3,0,0,0.0000,1563431
407,201,0,0,0.0000,1563934
408,5,0,0,0.0000,1565856
409,201,0,0,0.0000,1566398
410,3,0,0,0.0000,1568089
411,201,0,0,0.0000,1568782
412,3,0,0,0.0000,1570597
413,202,0,0,0.0000,1571263
414,7,0,0,0.0000,1573098
415,201,0,0,0.0000,1573567
416,3,0,0,0.0000,1575514
417,201,0,0,0.0000,1576159
418,7,0,0,0.0000,1577898
419,201,0,0,0.0000,1578560
420,7,0,0,0.0000,1580306
421,201,0,0,0.0000,1580976
422,3,0,0,0.0000,1582714
423,201,0,0,0.0000,1583600
424,7,0,0,0.0000,1585265
425,201,0,0,0.0000,1585873
426,7,0,0,0.0000,1587473
427,201,0,0,0.0000,1588065
428,7,0,0,0.0000,1589765
429,202,0,0,0.0000,1590273
430,5,0,0,0.0000,1592306
431,202,0,0,0.0000,1593106
432,7,0,0,0.0000,1594815
433,201,0,0,0.0000,1595346
434,5,0,0,0.0000,1597057
435,201,0,0,0.0000,1597602
436,5,0,0,0.0000,1599532
437,201,0,0,0.0000,1600211
438,7,0,0,0.0000,1601957
439,202,0,0,0.0000,1602675
440,5,0,0,0.0000,1604482
441,201,0,0,0.0000,1605076
442,5,0,0,0.0000,1606773
443,201,0,0,0.0000,1607428
444,7,0,0,0.0000,1609307
445,201,0,0,0.0000,1610020
446,5,0,0,0.0000,1611590
447,201,0,0,0.0000,1612261
448,5,0,0,0.0000,1613865
449,201,0,0,0.0000,1614437
450,5,0,0,0.0000,1616415
451,202,0,0,0.0000,1616869
452,3,0,0,0.0000,1618749
453,202,0,0,0.0000,1619142
454,5,0,0,0.0000,1620982
455,201,0,0,0.0000,1621430
456,3,0,0,0.0000,1623391
457,201,0,0,0.0000,1623910
458,3,0,0,0.0000,1625774
459,201,0,0,0.0000,1626327
460,7,0,0,0.0000,1627999
461,201,0,0,0.0000,1628695
462,5,0,0,0.0000,1630474
463,202,0,0,0.0000,1631047
464,7,0,0,0.0000,1632783
465,201,0,0,0.0000,1633480
466,3,0,0,0.0000,1634991
467,202,0,0,0.0000,1635784
468,3,0,0,0.0000,1637299
469,201,0,0,0.0000,1637992
470,5,0,0,0.0000,1803671
471,201,0,0,0.0000,1804337
472,7,0,0,0.0000,1806079
473,201,0,0,0.0000,1806657
474,5,0,0,0.0000,1808429
475,201,0,0,0.0000,1809010
476,3,0,0,0.0000,1810946
477,202,0,0,0.0000,1811538
478,203,0,0,0.0000,1850184
479,3,0,0,0.0000,1864747
480,201,0,0,0.0000,1865418
481,7,0,0,0.0000,1867089
482,201,0,0,0.0000,1867754
483,3,0,0,0.0000,1869297
484,202,0,0,0.0000,1869883
485,7,0,0,0.0000,1871506
486,201,0,0,0.0000,1872059
487,5,0,0,0.0000,1873797
488,202,0,0,0.0000,1874395
489,3,0,0,0.0000,1876231
490,201,0,0,0.0000,1876876
491,5,0,0,0.0000,1878756
492,202,0,0,0.0000,1879388
493,3,0,0,0.0000,1881264
494,202,0,0,0.0000,1881804
495,5,0,0,0.0000,1883514
496,201,0,0,0.0000,1884157
497,3,0,0,0.0000,1885939
498,201,0,0,0.0000,1886717
499,5,0,0,0.0000,1888273
500,201,0,0,0.0000,1888973
501,3,0,0,0.0000,1890773
502,202,0,0,0.0000,1891406
503,5,0,0,0.0000,1893090
504,201,0,0,0.0000,1893630
505,3,0,0,0.0000,1895331
506,202,0,0,0.0000,1896063
507,3,0,0,0.0000,1897848
508,201,0,0,0.0000,1898447
509,5,0,0,0.0000,1900106
510,7,0,0,0.0000,1910182
511,202,0,0,0.0000,1910929
512,7,0,0,0.0000,1912448
513,201,0,0,0.0000,1913121
514,5,0,0,0.0000,1914790
515,201,0,0,0.0000,1915425
516,7,0,0,0.0000,1917257
517,201,0,0,0.0000,1917938
518,3,0,0,0.0000,1919624
519,201,0,0,0.0000,1920210
520,3,0,0,0.0000,1922007
521,202,0,0,0.0000,1922546
522,5,0,0,0.0000,1924540
523,201,0,0,0.0000,1925123
524,5,0,0,0.0000,1926966
525,201,0,0,0.0000,1927587
526,5,0,0,0.0000,1929449
527,201,0,0,0.0000,1930020
528,7,0,0,0.0000,1931799
529,201,0,0,0.0000,1932372
530,7,0,0,0.0000,1934016
531,201,0,0,0.0000,1934660
532,5,0,0,0.0000,1936399
533,202,0,0,0.0000,1937013
534,7,0,0,0.0000,1938841
535,201,0,0,0.0000,1939349
536,7,0,0,0.0000,1941308
537,201,0,0,0.0000,1941909
538,3,0,0,0.0000,1943541
539,201,0,0,0.0000,1944182
540,7,0,0,0.0000,1945908
541,202,0,0,0.0000,1946470
542,5,0,0,0.0000,1950500
543,201,0,0,0.0000,1951079
544,5,0,0,0.0000,1952850
545,202,0,0,0.0000,1953591
546,3,0,0,0.0000,1955391
547,201,0,0,0.0000,1956007
548,7,0,0,0.0000,1957616
549,201,0,0,0.0000,1958152
550,3,0,0,0.0000,1960033
551,202,0,0,0.0000,1960568
552,203,0,0,0.0000,2133826
553,3,0,0,0.0000,2138571
554,201,0,0,0.0000,2139186
555,7,0,0,0.0000,2140980
556,201,0,0,0.0000,2141571
557,3,0,0,0.0000,2143505
558,202,0,0,0.0000,2144067
559,7,0,0,0.0000,2146080
560,201,0,0,0.0000,2146532
561,5,0,0,0.0000,2148330
562,201,0,0,0.0000,2148900
563,5,0,0,0.0000,2150797
564,201,0,0,0.0000,2151156
565,3,0,0,0.0000,2153005
566,201,0,0,0.0000,2153669
567,5,0,0,0.0000,2155230
568,201,0,0,0.0000,2155845
569,7,0,0,0.0000,2157822
570,202,0,0,0.0000,2158629
571,3,0,0,0.0000,2160164
572,202,0,0,0.0000,2160742
573,3,0,0,0.0000,2162397
574,202,0,0,0.0000,2162998
575,7,0,0,0.0000,2164897
576,201,0,0,0.0000,2165494
577,7,0,0,0.0000,2167439
578,201,0,0,0.0000,2167975
579,5,0,0,0.0000,2170014
580,202,0,0,0.0000,2170503
581,5,0,0,0.0000,2172239
582,201,0,0,0.0000,2172919
583,5,0,0,0.0000,2174472
584,201,0,0,0.0000,2175208
585,7,0,0,0.0000,2176939
586,202,0,0,0.0000,2177720
587,5,0,0,0.0000,2179156
588,201,0,0,0.0000,2179816
589,7,0,0,0.0000,2181606
590,201,0,0,0.0000,2182201
591,7,0,0,0.0000,2184048
592,202,0,0,0.0000,2184713
593,7,0,0,0.0000,2186473
594,201,0,0,0.0000,2186937
595,5,0,0,0.0000,2188889
596,201,0,0,0.0000,2189290
597,3,0,0,0.0000,2191098
598,202,0,0,0.0000,2191594
599,5,0,0,0.0000,2193340
600,201,0,0,0.0000,2193898
601,5,0,0,0.0000,2195648
602,3,0,0,0.0000,2273050
603,201,0,0,0.0000,2273670
604,3,0,0,0.0000,2275417
605,201,0,0,0.0000,2276023
606,3,0,0,0.0000,2277942
607,202,0,0,0.0000,2278583
608,3,0,0,0.0000,2280284
609,201,0,0,0.0000,2281111
610,3,0,0,0.0000,2282667
611,201,0,0,0.0000,2283304
612,5,0,0,0.0000,2284934
613,201,0,0,0.0000,2285560
614,3,0,0,0.0000,2287492
615,202,0,0,0.0000,2288088
616,5,0,0,0.0000,2289759
617,201,0,0,0.0000,2290313
618,3,0,0,0.0000,2292092
619,201,0,0,0.0000,2292873
620,7,0,0,0.0000,2294392
621,201,0,0,0.0000,2295033
622,7,0,0,0.0000,2296709
623,202,0,0,0.0000,2297434
624,5,0,0,0.0000,2298951
625,201,0,0,0.0000,2299562
626,7,0,0,0.0000,2301476
627,201,0,0,0.0000,2302106
628,7,0,0,0.0000,2303709
629,201,0,0,0.0000,2304363
630,5,0,0,0.0000,2305934
631,202,0,0,0.0000,2306491
632,3,0,0,0.0000,2308209
633,201,0,0,0.0000,2308907
634,7,0,0,0.0000,2310476
635,202,0,0,0.0000,2311340
636,3,0,0,0.0000,2313026
637,202,0,0,0.0000,2313612
638,5,0,0,0.0000,2315626
639,201,0,0,0.0000,2316237
640,7,0,0,0.0000,2318151
641,202,0,0,0.0000,2318845
642,203,0,0,0.0000,2362723
643,3,0,0,0.0000,2367661
644,202,0,0,0.0000,2368452
645,3,0,0,0.0000,2369961
646,201,0,0,0.0000,2370533
647,3,0,0,0.0000,2372553
648,201,0,0,0.0000,2373317
649,5,0,0,0.0000,2375061
650,201,0,0,0.0000,2375765
651,7,0,0,0.0000,2377453
652,202,0,0,0.0000,2378054
653,3,0,0,0.0000,2379678
654,201,0,0,0.0000,2380454
655,7,0,0,0.0000,2381911
656,201,0,0,0.0000,2382550
657,7,0,0,0.0000,2384403
658,202,0,0,0.0000,2385191
659,7,0,0,0.0000,2386811
660,201,0,0,0.0000,2387463
661,3,0,0,0.0000,2389153
662,202,0,0,0.0000,2389879
663,201,0,0,0.0000,2389911
664,5,0,0,0.0000,2398887
665,201,0,0,0.0000,2399641
666,3,0,0,0.0000,2401437
667,202,0,0,0.0000,2402169
668,7,0,0,0.0000,2403954
669,201,0,0,0.0000,2404570
670,5,0,0,0.0000,2406370
671,201,0,0,0.0000,2406954
672,7,0,0,0.0000,2408945
673,201,0,0,0.0000,2409626
674,5,0,0,0.0000,2411454
675,201,0,0,0.0000,2412011
676,5,0,0,0.0000,2413821
677,202,0,0,0.0000,2414411
678,3,0,0,0.0000,2416254
679,201,0,0,0.0000,2416907
680,3,0,0,0.0000,2418587
681,202,0,0,0.0000,2419308
682,3,0,0,0.0000,2420912
683,202,0,0,0.0000,2421852
684,7,0,0,0.0000,2423179
685,201,0,0,0.0000,2423773
686,5,0,0,0.0000,2425563
687,202,0,0,0.0000,2426285
688,7,0,0,0.0000,2428088
689,201,0,0,0.0000,2428685
690,7,0,0,0.0000,2430529
691,201,0,0,0.0000,2431182
692,3,0,0,0.0000,2432913
693,202,0,0,0.0000,2433422
694,5,0,0,0.0000,2435304
695,202,0,0,0.0000,2436078
696,5,0,0,0.0000,2437746
697,201,0,0,0.0000,2438239
698,5,0,0,0.0000,2440205
699,201,0,0,0.0000,2440815
700,3,0,0,0.0000,2442763
701,202,0,0,0.0000,2443391
702,5,0,0,0.0000,2445130
703,201,0,0,0.0000,2445616
704,3,0,0,0.0000,2447696
705,201,0,0,0.0000,2448272
706,3,0,0,0.0000,2450147
707,201,0,0,0.0000,2450672
708,7,0,0,0.0000,2452522
709,201,0,0,0.0000,2453137
710,7,0,0,0.0000,2454963
711,202,0,0,0.0000,2455489
712,5,0,0,0.0000,2457322
713,201,0,0,0.0000,2457809
714,5,0,0,0.0000,2459772
715,201,0,0,0.0000,2460354
716,5,0,0,0.0000,2461980
717,201,0,0,0.0000,2462562
718,7,0,0,0.0000,2464397
719,202,0,0,0.0000,2464962
720,7,0,0,0.0000,2466880
721,201,0,0,0.0000,2467443
722,3,0,0,0.0000,2469322
723,202,0,0,0.0000,2469923
724,3,0,0,0.0000,2471864
725,201,0,0,0.0000,2472484
726,7,0,0,0.0000,2474322
727,202,0,0,0.0000,2474932
728,203,0,0,0.0000,2514298
729,3,0,0,0.0000,2519090
730,202,0,0,0.0000,2519835
731,5,0,0,0.0000,2521507
732,201,0,0,0.0000,2522059
733,7,0,0,0.0000,2523840
734,201,0,0,0.0000,2524315
735,3,0,0,0.0000,2526290
736,201,0,0,0.0000,2526988
737,3,0,0,0.0000,2528590
738,202,0,0,0.0000,2529036
739,5,0,0,0.0000,2531090
740,201,0,0,0.0000,2531404
741,5,0,0,0.0000,2533499
742,201,0,0,0.0000,2534221
743,5,0,0,0.0000,2536032
744,202,0,0,0.0000,2536717
745,5,0,0,0.0000,2538374
746,202,0,0,0.0000,2539181
747,7,0,0,0.0000,2540932
748,201,0,0,0.0000,2541518
749,7,0,0,0.0000,2543174
750,201,0,0,0.0000,2543742
751,5,0,0,0.0000,2545566
752,202,0,0,0.0000,2546366
753,5,0,0,0.0000,2547999
754,201,0,0,0.0000,2548639
755,3,0,0,0.0000,2550474
756,202,0,0,0.0000,2551231
757,7,0,0,0.0000,2552724
758,201,0,0,0.0000,2553472
759,3,0,0,0.0000,2555116
760,202,0,0,0.0000,2555648
761,7,0,0,0.0000,2557383
762,202,0,0,0.0000,2558016
763,5,0,0,0.0000,2559641
764,202,0,0,0.0000,2560609
765,5,0,0,0.0000,2562033
766,201,0,0,0.0000,2562737
767,5,0,0,0.0000,2564333
768,202,0,0,0.0000,2564961
769,5,0,0,0.0000,2566925
770,201,0,0,0.0000,2567458
771,7,0,0,0.0000,2569408
772,201,0,0,0.0000,2570178
773,3,0,0,0.0000,2571942
774,202,0,0,0.0000,2572578
775,7,0,0,0.0000,2574283
776,201,0,0,0.0000,2575219
777,3,0,0,0.0000,2576800
778,202,0,0,0.0000,2577379
779,7,0,0,0.0000,2579158
780,201,0,0,0.0000,2579891
781,3,0,0,0.0000,2581383
782,202,0,0,0.0000,2582068
783,7,0,0,0.0000,2583892
784,201,0,0,0.0000,2584404
785,7,0,0,0.0000,2586359
786,202,0,0,0.0000,2587301
787,5,0,0,0.0000,2588875
788,201,0,0,0.0000,2589445
789,7,0,0,0.0000,2591367
790,201,0,0,0.0000,2592085
791,3,0,0,0.0000,2593692
792,202,0,0,0.0000,2594326
793,3,0,0,0.0000,2596126
794,201,0,0,0.0000,2596758
795,3,0,0,0.0000,2598426
796,202,0,0,0.0000,2599062
797,3,0,0,0.0000,2600992
798,201,0,0,0.0000,2601543
799,5,0,0,0.0000,2603351
800,202,0,0,0.0000,2603975
801,5,0,0,0.0000,2605776
802,201,0,0,0.0000,2606343
803,7,0,0,0.0000,2608076
804,202,0,0,0.0000,2608680
805,3,0,0,0.0000,2610334
806,201,0,0,0.0000,2610872
807,7,0,0,0.0000,2612734
808,202,0,0,0.0000,2613400
809,7,0,0,0.0000,2615176
810,201,0,0,0.0000,2615737
811,3,0,0,0.0000,2617518
812,202,0,0,0.0000,2618089
813,5,0,0,0.0000,2619943
814,201,0,0,0.0000,2620569
815,3,0,0,0.0000,2622460
816,202,0,0,0.0000,2623130
817,7,0,0,0.0000,2624760
818,201,0,0,0.0000,2625386
819,203,0,0,0.0000,2675634
820,5,0,0,0.0000,2680636
821,203,0,0,0.0000,2681506
822,201,0,0,0.0000,2682051
823,7,0,0,0.0000,2690311
824,201,0,0,0.0000,2690756
825,3,0,0,0.0000,2692662
826,201,0,0,0.0000,2693284
827,7,0,0,0.0000,2694887
828,201,0,0,0.0000,2695396
829,3,0,0,0.0000,2697370
830,202,0,0,0.0000,2697893
831,7,0,0,0.0000,2699720
832,201,0,0,0.0000,2700277
833,3,0,0,0.0000,2702028
834,201,0,0,0.0000,2702534
835,7,0,0,0.0000,2704562
836,201,0,0,0.0000,2705142
837,7,0,0,0.0000,2706937
838,202,0,0,0.0000,2707350
839,5,0,0,0.0000,2709170
840,201,0,0,0.0000,2709639
841,3,0,0,0.0000,2711379
842,202,0,0,0.0000,2711959
843,7,0,0,0.0000,2713679
844,201,0,0,0.0000,2714199
845,7,0,0,0.0000,2716262
846,201,0,0,0.0000,2716824
847,3,0,0,0.0000,2718537
848,202,0,0,0.0000,2719112
849,3,0,0,0.0000,2720854
850,202,0,0,0.0000,2721368
851,5,0,0,0.0000,2723237
852,202,0,0,0.0000,2723769
853,7,0,0,0.0000,2725812
854,201,0,0,0.0000,2726377
855,3,0,0,0.0000,2728221
856,201,0,0,0.0000,2728777
857,3,0,0,0.0000,2730779
858,202,0,0,0.0000,2731370
859,5,0,0,0.0000,2733321
860,201,0,0,0.0000,2733915
861,5,0,0,0.0000,2735621
862,202,0,0,0.0000,2736315
863,5,0,0,0.0000,2738021
864,202,0,0,0.0000,2738635
865,3,0,0,0.0000,2740355
866,202,0,0,0.0000,2741083
867,7,0,0,0.0000,2742905
868,202,0,0,0.0000,2743676
869,5,0,0,0.0000,2745321
870,201,0,0,0.0000,2745964
871,3,0,0,0.0000,2747763
872,201,0,0,0.0000,2748508
873,5,0,0,0.0000,2750338
874,201,0,0,0.0000,2750973
875,7,0,0,0.0000,2752913
876,202,0,0,0.0000,2753309
877,7,0,0,0.0000,2755405
878,201,0,0,0.0000,2755965
879,5,0,0,0.0000,2757755
880,202,0,0,0.0000,2758350
881,5,0,0,0.0000,2760230
882,201,0,0,0.0000,2760814
883,3,0,0,0.0000,2762505
884,201,0,0,0.0000,2763038
885,5,0,0,0.0000,2764847
886,201,0,0,0.0000,2765359
887,7,0,0,0.0000,2767414
888,201,0,0,0.0000,2767999
889,7,0,0,0.0000,2770014
890,201,0,0,0.0000,2770624
891,5,0,0,0.0000,2772547
892,201,0,0,0.0000,2773200
893,7,0,0,0.0000,2775089
894,201,0,0,0.0000,2775888
895,3,0,0,0.0000,2777647
896,202,0,0,0.0000,2778113
897,5,0,0,0.0000,2780222
898,202,0,0,0.0000,2780865
899,3,0,0,0.0000,2782572
900,202,0,0,0.0000,2783105
901,3,0,0,0.0000,2784864
902,202,0,0,0.0000,2785394
903,3,0,0,0.0000,2787272
904,202,0,0,0.0000,2787858
905,203,0,0,0.0000,2912965
906,7,0,0,0.0000,2917818
907,201,0,0,0.0000,2918389
908,3,0,0,0.0000,2920384
909,202,0,0,0.0000,2920982
910,3,0,0,0.0000,2922909
911,202,0,0,0.0000,2923334
912,5,0,0,0.0000,2925285
913,201,0,0,0.0000,2925846
914,5,0,0,0.0000,2927535
915,201,0,0,0.0000,2927959
916,7,0,0,0.0000,2929851
917,201,0,0,0.0000,2930439
918,7,0,0,0.0000,2932335
919,201,0,0,0.0000,2932904
920,5,0,0,0.0000,2934651
921,202,0,0,0.0000,2935096
922,3,0,0,0.0000,2937218
923,202,0,0,0.0000,2937704
924,5,0,0,0.0000,2939818
925,201,0,0,0.0000,2940345
926,3,0,0,0.0000,2942410
927,202,0,0,0.0000,2942985
928,5,0,0,0.0000,2945002
929,202,0,0,0.0000,2945609
930,7,0,0,0.0000,2947260
931,201,0,0,0.0000,2947850
932,3,0,0,0.0000,2949469
933,201,0,0,0.0000,2950026
934,5,0,0,0.0000,2951727
935,201,0,0,0.0000,2952362
936,7,0,0,0.0000,2953960
937,201,0,0,0.0000,2954507
938,7,0,0,0.0000,2956444
939,201,0,0,0.0000,2957035
940,7,0,0,0.0000,2958677
941,202,0,0,0.0000,2959179
942,5,0,0,0.0000,2961002
943,202,0,0,0.0000,2961676
944,3,0,0,0.0000,2963319
945,202,0,0,0.0000,2963964
946,5,0,0,0.0000,2965669
947,201,0,0,0.0000,2966300
948,7,0,0,0.0000,2968202
949,201,0,0,0.0000,2968781
950,5,0,0,0.0000,2970627
951,201,0,0,0.0000,2971149
952,3,0,0,0.0000,2973161
953,202,0,0,0.0000,2973726
954,3,0,0,0.0000,2975386
955,202,0,0,0.0000,2976062
956,5,0,0,0.0000,2977828
957,201,0,0,0.0000,2978398
958,7,0,0,0.0000,2980061
959,201,0,0,0.0000,2980558
960,3,0,0,0.0000,2982603
961,202,0,0,0.0000,2983263
962,7,0,0,0.0000,2985203
963,201,0,0,0.0000,2985759
964,5,0,0,0.0000,2987520
965,201,0,0,0.0000,2988064
966,3,0,0,0.0000,2989953
967,202,0,0,0.0000,2990432
968,7,0,0,0.0000,2992195
969,201,0,0,0.0000,2992688
970,5,0,0,0.0000,2994553
971,201,0,0,0.0000,2995073
972,5,0,0,0.0000,2996953
973,202,0,0,0.0000,2997473
974,7,0,0,0.0000,2999428
975,201,0,0,0.0000,2999889
976,7,0,0,0.0000,3001645
977,201,0,0,0.0000,3002290
978,3,0,0,0.0000,3003995
979,201,0,0,0.0000,3004626
980,3,0,0,0.0000,3006353
981,202,0,0,0.0000,3006802
982,3,0,0,0.0000,3008845
983,201,0,0,0.0000,3009411
984,7,0,0,0.0000,3011079
985,201,0,0,0.0000,3011747
986,5,0,0,0.0000,3013404
987,201,0,0,0.0000,3013987
988,3,0,0,0.0000,3015712
989,202,0,0,0.0000,3016212
990,5,0,0,0.0000,3018095
991,201,0,0,0.0000,3018532
992,7,0,0,0.0000,3020546
993,201,0,0,0.0000,3021093
994,3,0,0,0.0000,3022829
995,202,0,0,0.0000,3023317
